codigo;nome;email
1;Fulano de Tal;fulano@tal.com
2;Ciclano de Araujo;ciclano@araujo.com
3;Beltrano Arruda;beltrano@arruda.com
4;Anderson; anderson@gmail.com
23;oi;oi@gmail.com
23;oi;oi@gmail.com
23;oi;oi@gmail.com
23;vinte tres;vintetres@gmail.com
22;vintedois;vintedois@gmail.com
;;
;;
2;dois;vintedois@gmail.com
